"日本国憲法_00_前文.md","changed","file","1967","2017-05-06 17:16:06","9218cdcf60f79cc1f54727697fdc572d","UTF-8","LF","file","1048","2017-05-06 17:19:51","19e959211a92918250ab1bb5eb3de38b","UTF-8","LF"
"日本国憲法_01_天皇.md","changed","file","2266","2017-05-07 15:53:42","f9db0493dad07505da42f469cd7eea64","UTF-8","LF","file","3020","2017-05-07 15:53:34","605d87163e4c2a84eb2dcae34e54a44f","UTF-8","LF"
"日本国憲法_02_戦争の放棄-安全保障.md","changed","file","458","2017-05-07 15:53:19","bc0f35af75b1e718f3d7a66196e120c6","UTF-8","LF","file","1839","2017-05-07 15:53:27","881d490c1c3fe6fa8e1357443b3aed41","UTF-8","LF"
"日本国憲法_03_国民の権利及び義務.md","changed","file","8736","2017-05-06 20:13:45","9ce731db3094b5f588810c527ebc4545","UTF-8","LF","file","11527","2017-05-06 20:03:06","e6bc8524b153ae5148998f83ddab9070","UTF-8","LF"
"日本国憲法_04_国会.md","changed","file","6522","2017-05-06 20:14:19","3fd4621fd180c9f46fb42638b809bad9","UTF-8","LF","file","8126","2017-05-06 20:03:40","2d1a6f23f31a8afe350e088e2c6b56e0","UTF-8","LF"
"日本国憲法_05_内閣.md","changed","file","3356","2017-05-06 20:14:36","5e1e4901dc90bd183d14d3e7debbeaf1","UTF-8","LF","file","4308","2017-05-06 20:04:01","2378142a8f29026f16916a545bff393e","UTF-8","LF"
"日本国憲法_06_司法.md","changed","file","3419","2017-05-06 20:14:50","f8bc70781e488a8d939a42b4e7402db9","UTF-8","LF","file","3547","2017-05-06 20:04:14","28d4242cedc59a06524c261a973535a9","UTF-8","LF"
"日本国憲法_07_財政.md","changed","file","1941","2017-05-06 20:15:02","4b69627f8cf0757ac8497cffed3a0b23","UTF-8","LF","file","3159","2017-05-06 20:04:28","2802bb8a9e54b2fbd61a743f6f96d3f0","UTF-8","LF"
"日本国憲法_08_地方自治.md","changed","file","1009","2017-05-06 20:15:08","0cee2fac366defb0ad92676d48a394cc","UTF-8","LF","file","2649","2017-05-06 20:04:39","335677846c0c30006072d22a46d27e78","UTF-8","LF"
"日本国憲法_10_改正.md","changed","file","570","2017-05-07 15:56:12","6530d93497525c7efc26c4db231fa820","UTF-8","LF","file","543","2017-05-06 17:19:51","2552b2cdb8d303db2606e467cebf29a3","UTF-8","LF"
"日本国憲法_11_最高法規.md","changed","file","913","2017-05-06 20:15:15","05fb2cb32dc49d993fa1731b20177ee5","UTF-8","LF","file","665","2017-05-06 17:19:51","a18e15546304acf10a24fbde3b302005","UTF-8","LF"
"日本国憲法_99_補則-附則.md","changed","file","1305","2017-05-06 20:01:19","bae50085110e381868058754e3dc52ac","UTF-8","LF","file","1916","2017-05-06 17:19:51","62d910f5b9fd9360cc71c902303ac055","UTF-8","LF"
"日本国憲法_09_緊急事態.md","added",,,"1970-01-01 00:00:00",,,,"file","2793","2017-05-06 17:19:51","97889237c221594f99509cc716a03641","UTF-8","LF"
